encounter_id,summary,triage_label,confidence
40f237cc-477c-6442-3e33-7e872da13ba7,"Discharge Summary
    ------------------
    Encounter ID: 40f237cc-477c-6442-3e33-7e872da13ba7
    Patient ID: c425c5db-0399-7be1-3baf-998300b943f9
    Reason for Visit: Encounter for problem (procedure)
    Diagnoses: Atopic dermatitis (disorder)
    
    Key Vitals:
    No vitals recorded

    Plan:
    - Discharge with medications as prescribed.
    - Follow-up in 2 weeks.
    - If symptoms worsen, return to hospital immediately.",High Risk,0.396
f21d1bba-2a97-4b5d-6063-06dc8d8c610e,"Discharge Summary
    ------------------
    Encounter ID: f21d1bba-2a97-4b5d-6063-06dc8d8c610e
    Patient ID: c425c5db-0399-7be1-3baf-998300b943f9
    Reason for Visit: Encounter for problem (procedure)
    Diagnoses: No diagnosis available
    
    Key Vitals:
    No vitals recorded

    Plan:
    - Discharge with medications as prescribed.
    - Follow-up in 2 weeks.
    - If symptoms worsen, return to hospital immediately.",Moderate Risk,0.3867
7b2e8293-5681-eea9-5e10-81b11b5d86cc,"Discharge Summary
    ------------------
    Encounter ID: 7b2e8293-5681-eea9-5e10-81b11b5d86cc
    Patient ID: c425c5db-0399-7be1-3baf-998300b943f9
    Reason for Visit: General examination of patient (procedure)
    Diagnoses: Received higher education (finding)
    
    Key Vitals:
    No vitals recorded

    Plan:
    - Discharge with medications as prescribed.
    - Follow-up in 2 weeks.
    - If symptoms worsen, return to hospital immediately.",Moderate Risk,0.3934
569fc7e6-e91e-c00c-6f6c-a7f49799bd9f,"Discharge Summary
    ------------------
    Encounter ID: 569fc7e6-e91e-c00c-6f6c-a7f49799bd9f
    Patient ID: c425c5db-0399-7be1-3baf-998300b943f9
    Reason for Visit: Encounter for check up (procedure)
    Diagnoses: Part-time employment (finding), Severe anxiety (panic) (finding)
    
    Key Vitals:
    No vitals recorded

    Plan:
    - Discharge with medications as prescribed.
    - Follow-up in 2 weeks.
    - If symptoms worsen, return to hospital immediately.",High Risk,0.3985
fd1280c2-a7f5-d1dc-24fd-87985f6a7386,"Discharge Summary
    ------------------
    Encounter ID: fd1280c2-a7f5-d1dc-24fd-87985f6a7386
    Patient ID: c425c5db-0399-7be1-3baf-998300b943f9
    Reason for Visit: General examination of patient (procedure)
    Diagnoses: Medication review due (situation), Full-time employment (finding), Gingivitis (disorder)
    
    Key Vitals:
    - Body Height: 193.1 
- Pain severity - 0-10 verbal numeric rating [Score] - Reported: 3.0 
- Body Weight: 108.5 
- Body mass index (BMI) [Ratio]: 29.1 
- Body mass index (BMI) [Percentile] Per age and sex: 93.8 
- Diastolic Blood Pressure: 65.0 
- Systolic Blood Pressure: 121.0 
- Heart rate: 61.0 
- Respiratory rate: 15.0 
- Tobacco smoking status: Never smoked tobacco (finding) 
- Within the last year  have you been afraid of your partner or ex-partner?: No 
- Do you feel physically and emotionally safe where you currently live?: Yes 
- Are you a refugee?: No 
- In the past year  have you spent more than 2 nights in a row in a jail  prison  detention center  or juvenile correctional facility?: No 
- Stress level: Not at all 
- How often do you see or talk to people that you care about and feel close to (For example: talking to friends on the phone  visiting friends or family  going to church or club meetings)?: 3 to 5 times a week 
- Has lack of transportation kept you from medical appointments  meetings  work  or from getting things needed for daily living: No 
- In the past year  have you or any family members you live with been unable to get any of the following when it was really needed?: I choose not to answer this question 
- What was your best estimate of the total income of all family members from all sources  before taxes  in last year?: 109717 
- Primary insurance: Medicare 
- Employment status - current: Full-time work 
- Highest level of education: More than high school 
- Address: 1030 Volkman Highlands 
- Are you worried about losing your housing?: No 
- Housing status: I have housing 
- How many people are living or staying at this address?: 1.0 
- Preferred language: English 
- Have you been discharged from the armed forces of the United States?: No 
- At any point in the past 2 years  has season or migrant farm work been your or your family's main source of income?: No 
- Race: White 
- Do you consider yourself Hispanic/Latino?: No 
- Patient Health Questionnaire 2 item (PHQ-2) total score [Reported]: 0.0 
- Total score [AUDIT-C]: 0.0 


    Plan:
    - Discharge with medications as prescribed.
    - Follow-up in 2 weeks.
    - If symptoms worsen, return to hospital immediately.",High Risk,0.3944
aa08d743-e588-8c8f-fa10-964db5e5f3a3,"Discharge Summary
    ------------------
    Encounter ID: aa08d743-e588-8c8f-fa10-964db5e5f3a3
    Patient ID: c425c5db-0399-7be1-3baf-998300b943f9
    Reason for Visit: Encounter for check up (procedure)
    Diagnoses: No diagnosis available
    
    Key Vitals:
    No vitals recorded

    Plan:
    - Discharge with medications as prescribed.
    - Follow-up in 2 weeks.
    - If symptoms worsen, return to hospital immediately.",High Risk,0.39
575ea84a-12f2-0403-6683-e12fc7ac2ff8,"Discharge Summary
    ------------------
    Encounter ID: 575ea84a-12f2-0403-6683-e12fc7ac2ff8
    Patient ID: c425c5db-0399-7be1-3baf-998300b943f9
    Reason for Visit: Encounter for problem (procedure)
    Diagnoses: No diagnosis available
    
    Key Vitals:
    No vitals recorded

    Plan:
    - Discharge with medications as prescribed.
    - Follow-up in 2 weeks.
    - If symptoms worsen, return to hospital immediately.",Moderate Risk,0.3897
cf7439dc-f202-661d-260b-fce5a07da9d3,"Discharge Summary
    ------------------
    Encounter ID: cf7439dc-f202-661d-260b-fce5a07da9d3
    Patient ID: 3663d32d-91e7-0eda-2968-4050e02813d7
    Reason for Visit: Well child visit (procedure)
    Diagnoses: Medication review due (situation)
    
    Key Vitals:
    - Body Height: 54.4 
- Pain severity - 0-10 verbal numeric rating [Score] - Reported: 1.0 
- Body Weight: 4.6 
- Weight-for-length Per age and sex: 61.7 
- Head Occipital-frontal circumference Percentile: 77.9 
- Head Occipital-frontal circumference: 37.2 
- Diastolic Blood Pressure: 89.0 
- Systolic Blood Pressure: 136.0 
- Heart rate: 98.0 
- Respiratory rate: 12.0 
- Leukocytes [#/volume] in Blood by Automated count: 4.0 
- Erythrocytes [#/volume] in Blood by Automated count: 4.7 
- Hemoglobin [Mass/volume] in Blood: 13.4 
- Hematocrit [Volume Fraction] of Blood by Automated count: 44.7 
- MCV [Entitic volume] by Automated count: 92.6 
- MCH [Entitic mass] by Automated count: 29.1 
- MCHC [Mass/volume] by Automated count: 33.5 
- Erythrocyte distribution width [Entitic volume] by Automated count: 41.6 
- Platelets [#/volume] in Blood by Automated count: 219.8 
- Platelet distribution width [Entitic volume] in Blood by Automated count: 433.8 
- Platelet mean volume [Entitic volume] in Blood by Automated count: 10.3 
- Tobacco smoking status: Never smoked tobacco (finding) 


    Plan:
    - Discharge with medications as prescribed.
    - Follow-up in 2 weeks.
    - If symptoms worsen, return to hospital immediately.",High Risk,0.4131
126b4d54-fd5b-dc23-a316-973301eb01da,"Discharge Summary
    ------------------
    Encounter ID: 126b4d54-fd5b-dc23-a316-973301eb01da
    Patient ID: 3663d32d-91e7-0eda-2968-4050e02813d7
    Reason for Visit: Well child visit (procedure)
    Diagnoses: No diagnosis available
    
    Key Vitals:
    - Body Height: 58.4 
- Pain severity - 0-10 verbal numeric rating [Score] - Reported: 2.0 
- Body Weight: 5.6 
- Weight-for-length Per age and sex: 58.2 
- Head Occipital-frontal circumference Percentile: 77.9 
- Head Occipital-frontal circumference: 40.4 
- Diastolic Blood Pressure: 98.0 
- Systolic Blood Pressure: 133.0 
- Heart rate: 69.0 
- Respiratory rate: 16.0 
- Tobacco smoking status: Never smoked tobacco (finding) 


    Plan:
    - Discharge with medications as prescribed.
    - Follow-up in 2 weeks.
    - If symptoms worsen, return to hospital immediately.",High Risk,0.3945
9a46a601-a51c-3506-7fdb-d0b47490d14e,"Discharge Summary
    ------------------
    Encounter ID: 9a46a601-a51c-3506-7fdb-d0b47490d14e
    Patient ID: 3663d32d-91e7-0eda-2968-4050e02813d7
    Reason for Visit: Well child visit (procedure)
    Diagnoses: Medication review due (situation)
    
    Key Vitals:
    - Body Height: 63.8 
- Pain severity - 0-10 verbal numeric rating [Score] - Reported: 2.0 
- Body Weight: 7.2 
- Weight-for-length Per age and sex: 59.9 
- Head Occipital-frontal circumference Percentile: 77.9 
- Head Occipital-frontal circumference: 42.8 
- Diastolic Blood Pressure: 90.0 
- Systolic Blood Pressure: 136.0 
- Heart rate: 80.0 
- Respiratory rate: 14.0 
- Tobacco smoking status: Never smoked tobacco (finding) 


    Plan:
    - Discharge with medications as prescribed.
    - Follow-up in 2 weeks.
    - If symptoms worsen, return to hospital immediately.",High Risk,0.4005
6e3111b2-4dfb-ac5c-ebc6-412b745e0a75,"Discharge Summary
    ------------------
    Encounter ID: 6e3111b2-4dfb-ac5c-ebc6-412b745e0a75
    Patient ID: 3663d32d-91e7-0eda-2968-4050e02813d7
    Reason for Visit: Well child visit (procedure)
    Diagnoses: No diagnosis available
    
    Key Vitals:
    - Body Height: 67.9 
- Pain severity - 0-10 verbal numeric rating [Score] - Reported: 0.0 
- Body Weight: 8.6 
- Weight-for-length Per age and sex: 78.1 
- Head Occipital-frontal circumference Percentile: 77.9 
- Head Occipital-frontal circumference: 44.4 
- Diastolic Blood Pressure: 93.0 
- Systolic Blood Pressure: 147.0 
- Heart rate: 94.0 
- Respiratory rate: 15.0 
- Tobacco smoking status: Never smoked tobacco (finding) 


    Plan:
    - Discharge with medications as prescribed.
    - Follow-up in 2 weeks.
    - If symptoms worsen, return to hospital immediately.",High Risk,0.3959
5202f665-c0ad-03f4-1e23-203e3d15637c,"Discharge Summary
    ------------------
    Encounter ID: 5202f665-c0ad-03f4-1e23-203e3d15637c
    Patient ID: c425c5db-0399-7be1-3baf-998300b943f9
    Reason for Visit: General examination of patient (procedure)
    Diagnoses: Limited social contact (finding), Gingivitis (disorder)
    
    Key Vitals:
    - Body Height: 193.3 
- Pain severity - 0-10 verbal numeric rating [Score] - Reported: 1.0 
- Body Weight: 107.6 
- Body mass index (BMI) [Ratio]: 28.8 
- Diastolic Blood Pressure: 68.0 
- Systolic Blood Pressure: 108.0 
- Heart rate: 71.0 
- Respiratory rate: 13.0 
- Leukocytes [#/volume] in Blood by Automated count: 5.8 
- Erythrocytes [#/volume] in Blood by Automated count: 4.7 
- Hemoglobin [Mass/volume] in Blood: 13.1 
- Hematocrit [Volume Fraction] of Blood by Automated count: 44.4 
- MCV [Entitic volume] by Automated count: 81.6 
- MCH [Entitic mass] by Automated count: 29.0 
- MCHC [Mass/volume] by Automated count: 33.3 
- Erythrocyte distribution width [Entitic volume] by Automated count: 40.3 
- Platelets [#/volume] in Blood by Automated count: 191.5 
- Platelet distribution width [Entitic volume] in Blood by Automated count: 453.7 
- Platelet mean volume [Entitic volume] in Blood by Automated count: 11.6 
- Tobacco smoking status: Never smoked tobacco (finding) 
- Within the last year  have you been afraid of your partner or ex-partner?: No 
- Do you feel physically and emotionally safe where you currently live?: Yes 
- Are you a refugee?: No 
- In the past year  have you spent more than 2 nights in a row in a jail  prison  detention center  or juvenile correctional facility?: No 
- Stress level: Not at all 
- How often do you see or talk to people that you care about and feel close to (For example: talking to friends on the phone  visiting friends or family  going to church or club meetings)?: 1 or 2 times a week 
- Has lack of transportation kept you from medical appointments  meetings  work  or from getting things needed for daily living: No 
- In the past year  have you or any family members you live with been unable to get any of the following when it was really needed?: Child care 
- What was your best estimate of the total income of all family members from all sources  before taxes  in last year?: 109717 
- Primary insurance: Medicare 
- Employment status - current: Full-time work 
- Highest level of education: More than high school 
- Address: 1030 Volkman Highlands 
- Are you worried about losing your housing?: No 
- Housing status: I have housing 
- How many people are living or staying at this address?: 1.0 
- Preferred language: English 
- Have you been discharged from the armed forces of the United States?: No 
- At any point in the past 2 years  has season or migrant farm work been your or your family's main source of income?: No 
- Race: White 
- Do you consider yourself Hispanic/Latino?: No 
- Generalized anxiety disorder 7 item (GAD-7) total score [Reported.PHQ]: 3.0 
- Patient Health Questionnaire 2 item (PHQ-2) total score [Reported]: 2.0 


    Plan:
    - Discharge with medications as prescribed.
    - Follow-up in 2 weeks.
    - If symptoms worsen, return to hospital immediately.",High Risk,0.402
fa9ae668-9d36-b0ec-bbbb-67baebf4f66b,"Discharge Summary
    ------------------
    Encounter ID: fa9ae668-9d36-b0ec-bbbb-67baebf4f66b
    Patient ID: 3663d32d-91e7-0eda-2968-4050e02813d7
    Reason for Visit: Well child visit (procedure)
    Diagnoses: No diagnosis available
    
    Key Vitals:
    - Body Height: 72.8 
- Pain severity - 0-10 verbal numeric rating [Score] - Reported: 2.0 
- Body Weight: 10.2 
- Weight-for-length Per age and sex: 87.5 
- Head Occipital-frontal circumference Percentile: 77.9 
- Head Occipital-frontal circumference: 46.1 
- Diastolic Blood Pressure: 91.0 
- Systolic Blood Pressure: 135.0 
- Heart rate: 71.0 
- Respiratory rate: 13.0 
- Tobacco smoking status: Never smoked tobacco (finding) 


    Plan:
    - Discharge with medications as prescribed.
    - Follow-up in 2 weeks.
    - If symptoms worsen, return to hospital immediately.",High Risk,0.3988
b5a2dd15-0231-d284-100c-cb71667b04a9,"Discharge Summary
    ------------------
    Encounter ID: b5a2dd15-0231-d284-100c-cb71667b04a9
    Patient ID: 3663d32d-91e7-0eda-2968-4050e02813d7
    Reason for Visit: Well child visit (procedure)
    Diagnoses: No diagnosis available
    
    Key Vitals:
    - Body Height: 76.9 
- Pain severity - 0-10 verbal numeric rating [Score] - Reported: 3.0 
- Body Weight: 11.4 
- Weight-for-length Per age and sex: 91.3 
- Head Occipital-frontal circumference Percentile: 77.9 
- Head Occipital-frontal circumference: 47.2 
- Diastolic Blood Pressure: 94.0 
- Systolic Blood Pressure: 133.0 
- Heart rate: 83.0 
- Respiratory rate: 14.0 
- Tobacco smoking status: Never smoked tobacco (finding) 


    Plan:
    - Discharge with medications as prescribed.
    - Follow-up in 2 weeks.
    - If symptoms worsen, return to hospital immediately.",High Risk,0.4
d54f0ec9-48a8-0f0d-b56c-33005ea07a20,"Discharge Summary
    ------------------
    Encounter ID: d54f0ec9-48a8-0f0d-b56c-33005ea07a20
    Patient ID: 3663d32d-91e7-0eda-2968-4050e02813d7
    Reason for Visit: Well child visit (procedure)
    Diagnoses: No diagnosis available
    
    Key Vitals:
    - Body Height: 80.5 
- Pain severity - 0-10 verbal numeric rating [Score] - Reported: 0.0 
- Body Weight: 12.3 
- Weight-for-length Per age and sex: 89.8 
- Head Occipital-frontal circumference Percentile: 77.9 
- Head Occipital-frontal circumference: 48.0 
- Diastolic Blood Pressure: 90.0 
- Systolic Blood Pressure: 140.0 
- Heart rate: 61.0 
- Respiratory rate: 14.0 
- Tobacco smoking status: Never smoked tobacco (finding) 


    Plan:
    - Discharge with medications as prescribed.
    - Follow-up in 2 weeks.
    - If symptoms worsen, return to hospital immediately.",High Risk,0.3974
f1f590c1-54c7-d323-60de-5d4d8158be60,"Discharge Summary
    ------------------
    Encounter ID: f1f590c1-54c7-d323-60de-5d4d8158be60
    Patient ID: 3663d32d-91e7-0eda-2968-4050e02813d7
    Reason for Visit: Well child visit (procedure)
    Diagnoses: Medication review due (situation)
    
    Key Vitals:
    - Body Height: 83.6 
- Pain severity - 0-10 verbal numeric rating [Score] - Reported: 1.0 
- Body Weight: 13.0 
- Weight-for-length Per age and sex: 89.2 
- Head Occipital-frontal circumference Percentile: 77.9 
- Head Occipital-frontal circumference: 48.7 
- Diastolic Blood Pressure: 90.0 
- Systolic Blood Pressure: 132.0 
- Heart rate: 89.0 
- Respiratory rate: 13.0 
- Tobacco smoking status: Never smoked tobacco (finding) 


    Plan:
    - Discharge with medications as prescribed.
    - Follow-up in 2 weeks.
    - If symptoms worsen, return to hospital immediately.",High Risk,0.4012
0c8a49f9-2c2d-f39a-d34c-a4606aa500fa,"Discharge Summary
    ------------------
    Encounter ID: 0c8a49f9-2c2d-f39a-d34c-a4606aa500fa
    Patient ID: 3663d32d-91e7-0eda-2968-4050e02813d7
    Reason for Visit: Encounter for symptom (procedure)
    Diagnoses: Otitis media (disorder)
    
    Key Vitals:
    No vitals recorded

    Plan:
    - Discharge with medications as prescribed.
    - Follow-up in 2 weeks.
    - If symptoms worsen, return to hospital immediately.",High Risk,0.3845
57cdcf46-4c81-24a7-cebd-2de603f94761,"Discharge Summary
    ------------------
    Encounter ID: 57cdcf46-4c81-24a7-cebd-2de603f94761
    Patient ID: 3663d32d-91e7-0eda-2968-4050e02813d7
    Reason for Visit: Well child visit (procedure)
    Diagnoses: Medication review due (situation)
    
    Key Vitals:
    - Body Height: 89.2 
- Pain severity - 0-10 verbal numeric rating [Score] - Reported: 0.0 
- Body Weight: 14.1 
- Weight-for-length Per age and sex: 86.6 
- Head Occipital-frontal circumference Percentile: 77.9 
- Head Occipital-frontal circumference: 49.7 
- Diastolic Blood Pressure: 97.0 
- Systolic Blood Pressure: 148.0 
- Heart rate: 67.0 
- Respiratory rate: 13.0 
- Tobacco smoking status: Never smoked tobacco (finding) 


    Plan:
    - Discharge with medications as prescribed.
    - Follow-up in 2 weeks.
    - If symptoms worsen, return to hospital immediately.",High Risk,0.4028
8e6ee867-cbb1-32f1-6f5a-198d74fc60b8,"Discharge Summary
    ------------------
    Encounter ID: 8e6ee867-cbb1-32f1-6f5a-198d74fc60b8
    Patient ID: 3663d32d-91e7-0eda-2968-4050e02813d7
    Reason for Visit: Well child visit (procedure)
    Diagnoses: No diagnosis available
    
    Key Vitals:
    - Body Height: 93.2 
- Pain severity - 0-10 verbal numeric rating [Score] - Reported: 1.0 
- Body Weight: 15.1 
- Weight-for-length Per age and sex: 85.9 
- Head Occipital-frontal circumference Percentile: 77.9 
- Head Occipital-frontal circumference: 50.4 
- Body mass index (BMI) [Ratio]: 17.4 
- Body mass index (BMI) [Percentile] Per age and sex: 78.5 
- Diastolic Blood Pressure: 91.0 
- Systolic Blood Pressure: 135.0 
- Heart rate: 89.0 
- Respiratory rate: 12.0 
- Tobacco smoking status: Never smoked tobacco (finding) 


    Plan:
    - Discharge with medications as prescribed.
    - Follow-up in 2 weeks.
    - If symptoms worsen, return to hospital immediately.",High Risk,0.4021
32d26b58-dffb-71df-3cec-7be0dce7f5dd,"Discharge Summary
    ------------------
    Encounter ID: 32d26b58-dffb-71df-3cec-7be0dce7f5dd
    Patient ID: 3663d32d-91e7-0eda-2968-4050e02813d7
    Reason for Visit: Encounter for check up (procedure)
    Diagnoses: Primary dental caries (disorder)
    
    Key Vitals:
    No vitals recorded

    Plan:
    - Discharge with medications as prescribed.
    - Follow-up in 2 weeks.
    - If symptoms worsen, return to hospital immediately.",High Risk,0.3902
0a8da3f4-2c06-788a-7235-418fa43bb7f0,"Discharge Summary
    ------------------
    Encounter ID: 0a8da3f4-2c06-788a-7235-418fa43bb7f0
    Patient ID: 3663d32d-91e7-0eda-2968-4050e02813d7
    Reason for Visit: Encounter for symptom (procedure)
    Diagnoses: Acute viral pharyngitis (disorder)
    
    Key Vitals:
    - Body temperature: 37.2 


    Plan:
    - Discharge with medications as prescribed.
    - Follow-up in 2 weeks.
    - If symptoms worsen, return to hospital immediately.",High Risk,0.3882
599cf542-0744-b2c2-bb1e-741f7e60ede4,"Discharge Summary
    ------------------
    Encounter ID: 599cf542-0744-b2c2-bb1e-741f7e60ede4
    Patient ID: 3663d32d-91e7-0eda-2968-4050e02813d7
    Reason for Visit: Well child visit (procedure)
    Diagnoses: Medication review due (situation)
    
    Key Vitals:
    - Body Height: 97.3 
- Pain severity - 0-10 verbal numeric rating [Score] - Reported: 4.0 
- Body Weight: 16.1 
- Weight-for-length Per age and sex: 84.2 
- Head Occipital-frontal circumference Percentile: 77.9 
- Head Occipital-frontal circumference: 50.9 
- Body mass index (BMI) [Ratio]: 17.0 
- Body mass index (BMI) [Percentile] Per age and sex: 78.7 
- Diastolic Blood Pressure: 96.0 
- Systolic Blood Pressure: 142.0 
- Heart rate: 76.0 
- Respiratory rate: 13.0 
- Tobacco smoking status: Never smoked tobacco (finding) 


    Plan:
    - Discharge with medications as prescribed.
    - Follow-up in 2 weeks.
    - If symptoms worsen, return to hospital immediately.",High Risk,0.4058
28e58859-4dcd-af28-2b32-3fe925a3613b,"Discharge Summary
    ------------------
    Encounter ID: 28e58859-4dcd-af28-2b32-3fe925a3613b
    Patient ID: c425c5db-0399-7be1-3baf-998300b943f9
    Reason for Visit: Encounter for check up (procedure)
    Diagnoses: Dental filling lost (finding)
    
    Key Vitals:
    No vitals recorded

    Plan:
    - Discharge with medications as prescribed.
    - Follow-up in 2 weeks.
    - If symptoms worsen, return to hospital immediately.",High Risk,0.3877
6c4e0bc2-db41-6d14-228a-ee820a9a3254,"Discharge Summary
    ------------------
    Encounter ID: 6c4e0bc2-db41-6d14-228a-ee820a9a3254
    Patient ID: 3663d32d-91e7-0eda-2968-4050e02813d7
    Reason for Visit: Well child visit (procedure)
    Diagnoses: No diagnosis available
    
    Key Vitals:
    - Body Height: 101.1 
- Pain severity - 0-10 verbal numeric rating [Score] - Reported: 2.0 
- Body Weight: 17.3 
- Weight-for-length Per age and sex: 82.7 
- Head Occipital-frontal circumference Percentile: 77.9 
- Head Occipital-frontal circumference: 50.9 
- Body mass index (BMI) [Ratio]: 16.9 
- Body mass index (BMI) [Percentile] Per age and sex: 81.8 
- Diastolic Blood Pressure: 91.0 
- Systolic Blood Pressure: 133.0 
- Heart rate: 74.0 
- Respiratory rate: 15.0 
- Tobacco smoking status: Never smoked tobacco (finding) 


    Plan:
    - Discharge with medications as prescribed.
    - Follow-up in 2 weeks.
    - If symptoms worsen, return to hospital immediately.",High Risk,0.4023
3b7aa7d1-f818-b3ec-c97f-c289d6127bfd,"Discharge Summary
    ------------------
    Encounter ID: 3b7aa7d1-f818-b3ec-c97f-c289d6127bfd
    Patient ID: 3663d32d-91e7-0eda-2968-4050e02813d7
    Reason for Visit: Well child visit (procedure)
    Diagnoses: No diagnosis available
    
    Key Vitals:
    - Body Height: 104.8 
- Pain severity - 0-10 verbal numeric rating [Score] - Reported: 3.0 
- Body Weight: 18.2 
- Weight-for-length Per age and sex: 82.7 
- Head Occipital-frontal circumference Percentile: 77.9 
- Head Occipital-frontal circumference: 50.9 
- Body mass index (BMI) [Ratio]: 16.6 
- Body mass index (BMI) [Percentile] Per age and sex: 78.1 
- Diastolic Blood Pressure: 83.0 
- Systolic Blood Pressure: 122.0 
- Heart rate: 63.0 
- Respiratory rate: 13.0 
- Tobacco smoking status: Never smoked tobacco (finding) 


    Plan:
    - Discharge with medications as prescribed.
    - Follow-up in 2 weeks.
    - If symptoms worsen, return to hospital immediately.",High Risk,0.4045
f2bfd560-f5fc-f4a5-9744-d0afcbf34565,"Discharge Summary
    ------------------
    Encounter ID: f2bfd560-f5fc-f4a5-9744-d0afcbf34565
    Patient ID: c425c5db-0399-7be1-3baf-998300b943f9
    Reason for Visit: Administration of vaccine to produce active immunity (procedure)
    Diagnoses: No diagnosis available
    
    Key Vitals:
    No vitals recorded

    Plan:
    - Discharge with medications as prescribed.
    - Follow-up in 2 weeks.
    - If symptoms worsen, return to hospital immediately.",Moderate Risk,0.3917
6084d5c9-ac27-4d5a-b5ed-ca137adb9615,"Discharge Summary
    ------------------
    Encounter ID: 6084d5c9-ac27-4d5a-b5ed-ca137adb9615
    Patient ID: c425c5db-0399-7be1-3baf-998300b943f9
    Reason for Visit: Administration of vaccine to produce active immunity (procedure)
    Diagnoses: No diagnosis available
    
    Key Vitals:
    No vitals recorded

    Plan:
    - Discharge with medications as prescribed.
    - Follow-up in 2 weeks.
    - If symptoms worsen, return to hospital immediately.",Moderate Risk,0.4033
5d969a64-c187-f690-36e7-4547e065ad31,"Discharge Summary
    ------------------
    Encounter ID: 5d969a64-c187-f690-36e7-4547e065ad31
    Patient ID: c425c5db-0399-7be1-3baf-998300b943f9
    Reason for Visit: Encounter for problem (procedure)
    Diagnoses: No diagnosis available
    
    Key Vitals:
    No vitals recorded

    Plan:
    - Discharge with medications as prescribed.
    - Follow-up in 2 weeks.
    - If symptoms worsen, return to hospital immediately.",Moderate Risk,0.3932
0464900d-e321-6b4d-1fbe-782739ff7f06,"Discharge Summary
    ------------------
    Encounter ID: 0464900d-e321-6b4d-1fbe-782739ff7f06
    Patient ID: 3663d32d-91e7-0eda-2968-4050e02813d7
    Reason for Visit: Encounter for check up (procedure)
    Diagnoses: No diagnosis available
    
    Key Vitals:
    No vitals recorded

    Plan:
    - Discharge with medications as prescribed.
    - Follow-up in 2 weeks.
    - If symptoms worsen, return to hospital immediately.",Moderate Risk,0.387
6096cc2a-0381-3fe3-1c69-5a5753310e4e,"Discharge Summary
    ------------------
    Encounter ID: 6096cc2a-0381-3fe3-1c69-5a5753310e4e
    Patient ID: 3663d32d-91e7-0eda-2968-4050e02813d7
    Reason for Visit: Well child visit (procedure)
    Diagnoses: No diagnosis available
    
    Key Vitals:
    - Body Height: 111.7 
- Pain severity - 0-10 verbal numeric rating [Score] - Reported: 1.0 
- Body Weight: 19.5 
- Body mass index (BMI) [Ratio]: 15.6 
- Body mass index (BMI) [Percentile] Per age and sex: 57.0 
- Diastolic Blood Pressure: 89.0 
- Systolic Blood Pressure: 109.0 
- Heart rate: 90.0 
- Respiratory rate: 15.0 
- Tobacco smoking status: Never smoked tobacco (finding) 


    Plan:
    - Discharge with medications as prescribed.
    - Follow-up in 2 weeks.
    - If symptoms worsen, return to hospital immediately.",High Risk,0.3974
09e7bf5a-c162-5740-7f00-d120f13fecf0,"Discharge Summary
    ------------------
    Encounter ID: 09e7bf5a-c162-5740-7f00-d120f13fecf0
    Patient ID: c425c5db-0399-7be1-3baf-998300b943f9
    Reason for Visit: General examination of patient (procedure)
    Diagnoses: Medication review due (situation), Part-time employment (finding)
    
    Key Vitals:
    - Body Height: 193.3 
- Pain severity - 0-10 verbal numeric rating [Score] - Reported: 3.0 
- Body Weight: 104.7 
- Body mass index (BMI) [Ratio]: 28.0 
- Diastolic Blood Pressure: 69.0 
- Systolic Blood Pressure: 124.0 
- Heart rate: 96.0 
- Respiratory rate: 14.0 
- Tobacco smoking status: Never smoked tobacco (finding) 
- Within the last year  have you been afraid of your partner or ex-partner?: No 
- Do you feel physically and emotionally safe where you currently live?: Yes 
- Are you a refugee?: No 
- In the past year  have you spent more than 2 nights in a row in a jail  prison  detention center  or juvenile correctional facility?: No 
- Stress level: Not at all 
- How often do you see or talk to people that you care about and feel close to (For example: talking to friends on the phone  visiting friends or family  going to church or club meetings)?: 3 to 5 times a week 
- Has lack of transportation kept you from medical appointments  meetings  work  or from getting things needed for daily living: No 
- In the past year  have you or any family members you live with been unable to get any of the following when it was really needed?: I choose not to answer this question 
- What was your best estimate of the total income of all family members from all sources  before taxes  in last year?: 109717 
- Primary insurance: Medicare 
- Employment status - current: Part-time or temporary work 
- Highest level of education: More than high school 
- Address: 1030 Volkman Highlands 
- Are you worried about losing your housing?: No 
- Housing status: I have housing 
- How many people are living or staying at this address?: 1.0 
- Preferred language: English 
- Have you been discharged from the armed forces of the United States?: No 
- At any point in the past 2 years  has season or migrant farm work been your or your family's main source of income?: No 
- Race: White 
- Do you consider yourself Hispanic/Latino?: No 
- Patient Health Questionnaire 2 item (PHQ-2) total score [Reported]: 1.0 
- Total score [AUDIT-C]: 2.0 


    Plan:
    - Discharge with medications as prescribed.
    - Follow-up in 2 weeks.
    - If symptoms worsen, return to hospital immediately.",High Risk,0.3974
e7da85d4-18e6-6db3-f531-9f9aef37da39,"Discharge Summary
    ------------------
    Encounter ID: e7da85d4-18e6-6db3-f531-9f9aef37da39
    Patient ID: 3663d32d-91e7-0eda-2968-4050e02813d7
    Reason for Visit: Encounter for symptom (procedure)
    Diagnoses: Viral sinusitis (disorder)
    
    Key Vitals:
    No vitals recorded

    Plan:
    - Discharge with medications as prescribed.
    - Follow-up in 2 weeks.
    - If symptoms worsen, return to hospital immediately.",Moderate Risk,0.3865
035a18d8-bf58-950a-fdbc-5356b549b751,"Discharge Summary
    ------------------
    Encounter ID: 035a18d8-bf58-950a-fdbc-5356b549b751
    Patient ID: 3663d32d-91e7-0eda-2968-4050e02813d7
    Reason for Visit: Well child visit (procedure)
    Diagnoses: Medication review due (situation)
    
    Key Vitals:
    - Body Height: 118.5 
- Pain severity - 0-10 verbal numeric rating [Score] - Reported: 1.0 
- Body Weight: 21.1 
- Body mass index (BMI) [Ratio]: 15.0 
- Body mass index (BMI) [Percentile] Per age and sex: 39.0 
- Diastolic Blood Pressure: 82.0 
- Systolic Blood Pressure: 128.0 
- Heart rate: 75.0 
- Respiratory rate: 12.0 
- Leukocytes [#/volume] in Blood by Automated count: 7.9 
- Erythrocytes [#/volume] in Blood by Automated count: 4.6 
- Hemoglobin [Mass/volume] in Blood: 14.9 
- Hematocrit [Volume Fraction] of Blood by Automated count: 40.9 
- MCV [Entitic volume] by Automated count: 92.0 
- MCH [Entitic mass] by Automated count: 27.8 
- MCHC [Mass/volume] by Automated count: 33.9 
- Erythrocyte distribution width [Entitic volume] by Automated count: 45.3 
- Platelets [#/volume] in Blood by Automated count: 323.9 
- Platelet distribution width [Entitic volume] in Blood by Automated count: 279.9 
- Platelet mean volume [Entitic volume] in Blood by Automated count: 11.6 
- Tobacco smoking status: Never smoked tobacco (finding) 


    Plan:
    - Discharge with medications as prescribed.
    - Follow-up in 2 weeks.
    - If symptoms worsen, return to hospital immediately.",High Risk,0.4156
69a31c10-56bb-a07a-1a85-5e49ce43f959,"Discharge Summary
    ------------------
    Encounter ID: 69a31c10-56bb-a07a-1a85-5e49ce43f959
    Patient ID: 3663d32d-91e7-0eda-2968-4050e02813d7
    Reason for Visit: Well child visit (procedure)
    Diagnoses: No diagnosis available
    
    Key Vitals:
    - Body Height: 125.2 
- Pain severity - 0-10 verbal numeric rating [Score] - Reported: 1.0 
- Body Weight: 23.4 
- Body mass index (BMI) [Ratio]: 14.9 
- Body mass index (BMI) [Percentile] Per age and sex: 33.2 
- Diastolic Blood Pressure: 87.0 
- Systolic Blood Pressure: 125.0 
- Heart rate: 90.0 
- Respiratory rate: 14.0 
- Tobacco smoking status: Never smoked tobacco (finding) 


    Plan:
    - Discharge with medications as prescribed.
    - Follow-up in 2 weeks.
    - If symptoms worsen, return to hospital immediately.",High Risk,0.3995
22b84fdf-e18b-a144-050c-c09e9b7f1c37,"Discharge Summary
    ------------------
    Encounter ID: 22b84fdf-e18b-a144-050c-c09e9b7f1c37
    Patient ID: 3663d32d-91e7-0eda-2968-4050e02813d7
    Reason for Visit: Emergency room admission (procedure)
    Diagnoses: Seizure disorder (disorder), History of seizure (situation)
    
    Key Vitals:
    No vitals recorded

    Plan:
    - Discharge with medications as prescribed.
    - Follow-up in 2 weeks.
    - If symptoms worsen, return to hospital immediately.",High Risk,0.4039
bd39a396-6010-b61e-e804-31b25523900e,"Discharge Summary
    ------------------
    Encounter ID: bd39a396-6010-b61e-e804-31b25523900e
    Patient ID: 3663d32d-91e7-0eda-2968-4050e02813d7
    Reason for Visit: Well child visit (procedure)
    Diagnoses: Medication review due (situation)
    
    Key Vitals:
    - Body Height: 131.5 
- Pain severity - 0-10 verbal numeric rating [Score] - Reported: 0.0 
- Body Weight: 25.5 
- Body mass index (BMI) [Ratio]: 14.8 
- Body mass index (BMI) [Percentile] Per age and sex: 23.3 
- Diastolic Blood Pressure: 87.0 
- Systolic Blood Pressure: 123.0 
- Heart rate: 64.0 
- Respiratory rate: 15.0 
- Tobacco smoking status: Never smoked tobacco (finding) 


    Plan:
    - Discharge with medications as prescribed.
    - Follow-up in 2 weeks.
    - If symptoms worsen, return to hospital immediately.",High Risk,0.4045
dcce3520-e6d4-575e-0119-c0c07d91080f,"Discharge Summary
    ------------------
    Encounter ID: dcce3520-e6d4-575e-0119-c0c07d91080f
    Patient ID: 3663d32d-91e7-0eda-2968-4050e02813d7
    Reason for Visit: Encounter for check up (procedure)
    Diagnoses: No diagnosis available
    
    Key Vitals:
    No vitals recorded

    Plan:
    - Discharge with medications as prescribed.
    - Follow-up in 2 weeks.
    - If symptoms worsen, return to hospital immediately.",Moderate Risk,0.3861
38dcba6a-ca15-c15d-e797-20f78735fc84,"Discharge Summary
    ------------------
    Encounter ID: 38dcba6a-ca15-c15d-e797-20f78735fc84
    Patient ID: 3663d32d-91e7-0eda-2968-4050e02813d7
    Reason for Visit: Admission to hospice (procedure)
    Diagnoses: Died in hospice (finding)
    
    Key Vitals:
    No vitals recorded

    Plan:
    - Discharge with medications as prescribed.
    - Follow-up in 2 weeks.
    - If symptoms worsen, return to hospital immediately.",Moderate Risk,0.396
f17e7d9c-ef8b-f93c-67af-b4af89f51621,"Discharge Summary
    ------------------
    Encounter ID: f17e7d9c-ef8b-f93c-67af-b4af89f51621
    Patient ID: c425c5db-0399-7be1-3baf-998300b943f9
    Reason for Visit: Encounter for check up (procedure)
    Diagnoses: Dental filling lost (finding)
    
    Key Vitals:
    No vitals recorded

    Plan:
    - Discharge with medications as prescribed.
    - Follow-up in 2 weeks.
    - If symptoms worsen, return to hospital immediately.",High Risk,0.3916
061eae25-87f1-d89a-76b4-5309d03bd80f,"Discharge Summary
    ------------------
    Encounter ID: 061eae25-87f1-d89a-76b4-5309d03bd80f
    Patient ID: c425c5db-0399-7be1-3baf-998300b943f9
    Reason for Visit: General examination of patient (procedure)
    Diagnoses: Full-time employment (finding), Limited social contact (finding), Stress (finding), Gingivitis (disorder)
    
    Key Vitals:
    - Body Height: 193.3 
- Pain severity - 0-10 verbal numeric rating [Score] - Reported: 3.0 
- Body Weight: 104.7 
- Body mass index (BMI) [Ratio]: 28.0 
- Diastolic Blood Pressure: 70.0 
- Systolic Blood Pressure: 120.0 
- Heart rate: 83.0 
- Respiratory rate: 14.0 
- Leukocytes [#/volume] in Blood by Automated count: 4.8 
- Erythrocytes [#/volume] in Blood by Automated count: 5.1 
- Hemoglobin [Mass/volume] in Blood: 16.2 
- Hematocrit [Volume Fraction] of Blood by Automated count: 48.8 
- MCV [Entitic volume] by Automated count: 89.8 
- MCH [Entitic mass] by Automated count: 30.6 
- MCHC [Mass/volume] by Automated count: 34.0 
- Erythrocyte distribution width [Entitic volume] by Automated count: 43.9 
- Platelets [#/volume] in Blood by Automated count: 423.0 
- Platelet distribution width [Entitic volume] in Blood by Automated count: 152.6 
- Platelet mean volume [Entitic volume] in Blood by Automated count: 9.6 
- Tobacco smoking status: Never smoked tobacco (finding) 
- Within the last year  have you been afraid of your partner or ex-partner?: No 
- Do you feel physically and emotionally safe where you currently live?: Yes 
- Are you a refugee?: No 
- In the past year  have you spent more than 2 nights in a row in a jail  prison  detention center  or juvenile correctional facility?: No 
- Stress level: Quite a bit 
- How often do you see or talk to people that you care about and feel close to (For example: talking to friends on the phone  visiting friends or family  going to church or club meetings)?: 1 or 2 times a week 
- Has lack of transportation kept you from medical appointments  meetings  work  or from getting things needed for daily living: No 
- In the past year  have you or any family members you live with been unable to get any of the following when it was really needed?: I choose not to answer this question 
- What was your best estimate of the total income of all family members from all sources  before taxes  in last year?: 109717 
- Primary insurance: Medicare 
- Employment status - current: Full-time work 
- Highest level of education: More than high school 
- Address: 1030 Volkman Highlands 
- Are you worried about losing your housing?: No 
- Housing status: I have housing 
- How many people are living or staying at this address?: 1.0 
- Preferred language: English 
- Have you been discharged from the armed forces of the United States?: I choose not to answer this question 
- At any point in the past 2 years  has season or migrant farm work been your or your family's main source of income?: No 
- Race: White 
- Do you consider yourself Hispanic/Latino?: No 
- Generalized anxiety disorder 7 item (GAD-7) total score [Reported.PHQ]: 3.0 
- Total score [HARK]: 0.0 
- Total score [DAST-10]: 0.0 


    Plan:
    - Discharge with medications as prescribed.
    - Follow-up in 2 weeks.
    - If symptoms worsen, return to hospital immediately.",High Risk,0.4063
80ba5627-34f6-d522-d206-cc75ac170e20,"Discharge Summary
    ------------------
    Encounter ID: 80ba5627-34f6-d522-d206-cc75ac170e20
    Patient ID: 3663d32d-91e7-0eda-2968-4050e02813d7
    Reason for Visit: Death Certification
    Diagnoses: No diagnosis available
    
    Key Vitals:
    - Cause of Death [US Standard Certificate of Death]: Sudden cardiac death (disorder) 


    Plan:
    - Discharge with medications as prescribed.
    - Follow-up in 2 weeks.
    - If symptoms worsen, return to hospital immediately.",High Risk,0.3869
9b178733-4f3c-cb3f-5819-b6a62fdb61f6,"Discharge Summary
    ------------------
    Encounter ID: 9b178733-4f3c-cb3f-5819-b6a62fdb61f6
    Patient ID: c425c5db-0399-7be1-3baf-998300b943f9
    Reason for Visit: Encounter for check up (procedure)
    Diagnoses: No diagnosis available
    
    Key Vitals:
    No vitals recorded

    Plan:
    - Discharge with medications as prescribed.
    - Follow-up in 2 weeks.
    - If symptoms worsen, return to hospital immediately.",High Risk,0.3891
4fc18067-e6b6-738d-1cb7-59074d45ad71,"Discharge Summary
    ------------------
    Encounter ID: 4fc18067-e6b6-738d-1cb7-59074d45ad71
    Patient ID: 1a2defd6-c459-cdcc-9819-945feb633dc7
    Reason for Visit: General examination of patient (procedure)
    Diagnoses: Housing unsatisfactory (finding), Received higher education (finding)
    
    Key Vitals:
    No vitals recorded

    Plan:
    - Discharge with medications as prescribed.
    - Follow-up in 2 weeks.
    - If symptoms worsen, return to hospital immediately.",Moderate Risk,0.3858
b9c91736-87b9-23d5-7abc-49496dad2e2c,"Discharge Summary
    ------------------
    Encounter ID: b9c91736-87b9-23d5-7abc-49496dad2e2c
    Patient ID: 1a2defd6-c459-cdcc-9819-945feb633dc7
    Reason for Visit: Encounter for check up (procedure)
    Diagnoses: Limited social contact (finding)
    
    Key Vitals:
    No vitals recorded

    Plan:
    - Discharge with medications as prescribed.
    - Follow-up in 2 weeks.
    - If symptoms worsen, return to hospital immediately.",High Risk,0.3931
9643a57b-aa61-465c-f69b-449d0a14c10d,"Discharge Summary
    ------------------
    Encounter ID: 9643a57b-aa61-465c-f69b-449d0a14c10d
    Patient ID: 1a2defd6-c459-cdcc-9819-945feb633dc7
    Reason for Visit: General examination of patient (procedure)
    Diagnoses: Social isolation (finding)
    
    Key Vitals:
    No vitals recorded

    Plan:
    - Discharge with medications as prescribed.
    - Follow-up in 2 weeks.
    - If symptoms worsen, return to hospital immediately.",High Risk,0.3849
408dcca7-7adc-361f-7aeb-776b5b617a14,"Discharge Summary
    ------------------
    Encounter ID: 408dcca7-7adc-361f-7aeb-776b5b617a14
    Patient ID: 1a2defd6-c459-cdcc-9819-945feb633dc7
    Reason for Visit: General examination of patient (procedure)
    Diagnoses: Body mass index 30+ - obesity (finding)
    
    Key Vitals:
    No vitals recorded

    Plan:
    - Discharge with medications as prescribed.
    - Follow-up in 2 weeks.
    - If symptoms worsen, return to hospital immediately.",High Risk,0.387
9894c5ce-4f57-2c2c-dffd-72d06c83d297,"Discharge Summary
    ------------------
    Encounter ID: 9894c5ce-4f57-2c2c-dffd-72d06c83d297
    Patient ID: 1a2defd6-c459-cdcc-9819-945feb633dc7
    Reason for Visit: General examination of patient (procedure)
    Diagnoses: Prediabetes (finding)
    
    Key Vitals:
    No vitals recorded

    Plan:
    - Discharge with medications as prescribed.
    - Follow-up in 2 weeks.
    - If symptoms worsen, return to hospital immediately.",High Risk,0.3921
87fd0f0d-230f-b554-1593-3a2484b85f64,"Discharge Summary
    ------------------
    Encounter ID: 87fd0f0d-230f-b554-1593-3a2484b85f64
    Patient ID: 1a2defd6-c459-cdcc-9819-945feb633dc7
    Reason for Visit: General examination of patient (procedure)
    Diagnoses: Anemia (disorder)
    
    Key Vitals:
    No vitals recorded

    Plan:
    - Discharge with medications as prescribed.
    - Follow-up in 2 weeks.
    - If symptoms worsen, return to hospital immediately.",High Risk,0.3861
ec53d6f4-f375-319b-8f20-07bc7f1c6599,"Discharge Summary
    ------------------
    Encounter ID: ec53d6f4-f375-319b-8f20-07bc7f1c6599
    Patient ID: 1a2defd6-c459-cdcc-9819-945feb633dc7
    Reason for Visit: General examination of patient (procedure)
    Diagnoses: Full-time employment (finding)
    
    Key Vitals:
    No vitals recorded

    Plan:
    - Discharge with medications as prescribed.
    - Follow-up in 2 weeks.
    - If symptoms worsen, return to hospital immediately.",High Risk,0.3859
99c198d6-570b-562d-b81c-22d1c0e84d0b,"Discharge Summary
    ------------------
    Encounter ID: 99c198d6-570b-562d-b81c-22d1c0e84d0b
    Patient ID: 1a2defd6-c459-cdcc-9819-945feb633dc7
    Reason for Visit: General examination of patient (procedure)
    Diagnoses: Medication review due (situation), Part-time employment (finding), Gingivitis (disorder)
    
    Key Vitals:
    - Hemoglobin A1c/Hemoglobin.total in Blood: 6.3 
- Body Height: 160.1 
- Pain severity - 0-10 verbal numeric rating [Score] - Reported: 1.0 
- Body Weight: 72.4 
- Body mass index (BMI) [Ratio]: 28.3 
- Diastolic Blood Pressure: 85.0 
- Systolic Blood Pressure: 122.0 
- Heart rate: 89.0 
- Respiratory rate: 14.0 
- Glucose [Mass/volume] in Blood: 72.2 
- Urea nitrogen [Mass/volume] in Blood: 10.8 
- Creatinine [Mass/volume] in Blood: 0.9 
- Calcium [Mass/volume] in Blood: 9.1 
- Sodium [Moles/volume] in Blood: 138.5 
- Potassium [Moles/volume] in Blood: 4.2 
- Chloride [Moles/volume] in Blood: 108.5 
- Carbon dioxide  total [Moles/volume] in Blood: 25.6 
- Cholesterol [Mass/volume] in Serum or Plasma: 187.5 
- Triglycerides: 149.7 
- Low Density Lipoprotein Cholesterol: 131.0 
- Cholesterol in HDL [Mass/volume] in Serum or Plasma: 26.6 
- Tobacco smoking status: Never smoked tobacco (finding) 
- Within the last year  have you been afraid of your partner or ex-partner?: No 
- Do you feel physically and emotionally safe where you currently live?: Yes 
- Are you a refugee?: No 
- In the past year  have you spent more than 2 nights in a row in a jail  prison  detention center  or juvenile correctional facility?: No 
- Stress level: Not at all 
- How often do you see or talk to people that you care about and feel close to (For example: talking to friends on the phone  visiting friends or family  going to church or club meetings)?: 3 to 5 times a week 
- Has lack of transportation kept you from medical appointments  meetings  work  or from getting things needed for daily living: No 
- In the past year  have you or any family members you live with been unable to get any of the following when it was really needed?: I choose not to answer this question 
- What was your best estimate of the total income of all family members from all sources  before taxes  in last year?: 45197 
- Primary insurance: Private insurance 
- Employment status - current: Part-time or temporary work 
- Highest level of education: More than high school 
- Address: 1082 Gulgowski Route Suite 66 
- Are you worried about losing your housing?: Yes 
- Housing status: I have housing 
- How many people are living or staying at this address?: 7.0 
- Preferred language: English 
- Have you been discharged from the armed forces of the United States?: No 
- At any point in the past 2 years  has season or migrant farm work been your or your family's main source of income?: No 
- Race: White 
- Do you consider yourself Hispanic/Latino?: No 
- Generalized anxiety disorder 7 item (GAD-7) total score [Reported.PHQ]: 2.0 
- Patient Health Questionnaire 2 item (PHQ-2) total score [Reported]: 1.0 
- Total score [DAST-10]: 0.0 


    Plan:
    - Discharge with medications as prescribed.
    - Follow-up in 2 weeks.
    - If symptoms worsen, return to hospital immediately.",High Risk,0.3997
